timestamp,pupilDia_L,pupilDia_R
696029,4.269897,3.838638
696037,4.270935,3.839417
696045,4.270264,3.839584
696054,4.270172,3.839813
696062,4.27005,3.840775
696070,4.271332,3.841278
696079,4.270279,3.841339
696087,4.270477,3.840683
696095,4.270447,3.869644
696104,4.240829,3.870224
696112,4.226471,3.870575
696120,4.229721,3.870789
696129,4.227753,3.871918
696137,4.227295,3.866776
696145,4.227524,3.867142
696154,4.227417,3.860016
696162,4.226395,3.789597
696170,4.169296,3.780991
696179,4.225449,3.748306
696187,4.140808,3.810928
696195,4.234116,3.952515
696204,4.228165,3.788712
696212,4.192001,3.796478
696220,4.228622,3.789032
696229,4.222855,3.744293
696237,4.226349,3.768402
696245,4.222412,3.779724
696254,4.226242,3.791321
696262,4.22197,3.79454
696270,4.225662,3.791412
696279,4.221542,3.78949
696287,4.217789,3.787872
696295,4.217072,3.78746
696304,4.216492,3.787079
696312,4.212997,3.783249
696320,4.209839,3.779221
696329,4.205322,3.770081
696337,4.205505,3.758179
696345,4.20285,3.758148
696354,4.200439,3.758118
696362,4.1931,3.742172
696370,4.142868,3.691696
696379,4.128448,3.632965
696387,4.122986,3.620712
696395,4.059082,3.620773
696404,4.055283,3.604172
696412,4.038544,3.598923
696420,4.053589,3.598923
696429,4.044235,3.583694
696437,4.034821,3.569763
696445,4.028259,3.54599
696454,4.021027,3.531357
696462,4.011642,3.527817
696470,4.002106,3.516876
696479,3.988785,3.509567
696487,3.975204,3.522888
696495,3.967529,3.509659
696504,3.959808,3.50975
696512,3.946594,3.453064
696520,3.941345,3.451141
696529,3.933929,3.455902
696537,3.928146,3.447006
696545,3.913116,3.445053
696554,3.864731,3.439896
696562,3.852661,3.422989
696570,3.851883,3.40538
696579,3.839966,3.383881
696587,3.817261,3.373383
696595,3.815369,3.358322
696604,3.766418,3.345383
696612,3.76236,3.297302
696620,3.740768,3.283264
696629,3.645081,3.281494
696637,3.600891,3.168701
696645,3.660873,3.044174
696654,3.586624,3.15831
696662,3.643982,3.166199
696670,3.601334,3.172791
696679,3.618362,3.202866
696687,3.630768,3.232773
696695,3.617798,3.203384
696704,3.610565,3.17424
696712,3.603516,3.168152
696720,3.580887,3.162216
696729,3.55867,3.130188
696737,3.557846,3.098114
696745,3.55722,3.091553
696754,3.556244,3.085022
696762,3.554901,3.056885
696770,3.547729,3.028625
696779,3.540344,3.002823
696787,3.522324,3.002533
696795,3.498108,2.999771
696804,3.491913,2.998505
696812,3.482086,2.998596
696820,3.481125,2.99231
696829,3.470688,2.988312
696837,3.470459,2.988419
696845,3.470612,2.986176
696854,3.467712,2.977188
696862,3.46759,2.977554
696870,3.467819,2.972931
696879,3.465775,2.952316
696887,3.463562,2.936356
696895,3.46286,2.929794
696904,3.448029,2.929993
696912,3.437744,2.921463
696920,3.433258,2.920685
696929,3.43251,2.905228
696937,3.42395,2.894547
696945,3.42363,2.891342
696954,3.402954,2.887344
696962,3.402863,2.867859
696970,3.40271,2.840363
696979,3.402756,2.839249
696987,3.392914,2.835602
696995,3.388855,2.805786
697004,3.38765,2.805222
697012,3.3349,2.793152
697020,3.334534,2.77652
697029,3.324692,2.762207
697037,3.309021,2.739136
697045,3.305618,2.738953
697053,3.279205,2.732422
697062,3.278381,2.729248
697070,3.27034,2.720566
697078,3.267975,2.729172
697087,3.246384,2.701202
697095,3.246872,2.696655
697103,3.181778,2.674042
697112,3.23645,2.671112
697120,3.215256,2.669067
697128,3.19426,2.641815
697137,3.193329,2.641342
697145,3.19252,2.641083
697153,3.174545,2.640839
697162,3.188812,2.64064
697170,3.086929,2.576401
697178,3.167892,2.790161
697187,3.04599,2.706207
697195,3.058411,2.758377
697203,3.013367,2.706314
697212,3.044281,2.655655
697220,3.009995,2.657486
697228,3.008743,2.659409
697237,3.001846,2.660049
697245,2.995224,2.660233
697253,3.001968,2.660553
697262,2.994629,2.660828
697270,3.001602,2.670746
697278,2.994492,2.662659
697287,3.001556,2.662476
697295,2.994537,2.66272
697303,2.984848,2.661423
697312,2.975372,2.663071
697320,2.985077,2.659058
697328,2.994202,2.643784
697337,2.975143,2.663605
697345,2.994186,2.659546
697353,2.994858,2.637207
697362,3.008926,2.637207
697370,3.009918,2.640396
697378,3.007477,2.634659
697387,3.007751,2.634125
697395,3.00975,2.630814
697403,3.009766,2.630783
697412,2.994308,2.631683
697420,2.994141,2.630676
697428,2.993973,2.630783
697437,2.994247,2.62883
697445,2.994064,2.627045
697453,2.986176,2.627121
697462,2.994003,2.627487
697470,2.994171,2.623138
697478,2.986023,2.627777
697487,2.984955,2.623184
697495,2.983246,2.623123
697503,2.982803,2.627548
697512,2.982468,2.622665
697520,2.98024,2.622681
697528,2.976868,2.620346
697537,2.976868,2.620193
697545,2.974686,2.62822
697553,2.976776,2.644333
697562,2.974564,2.646469
697570,2.970184,2.646652
697578,2.970337,2.646744
697587,2.970306,2.645447
697595,2.965729,2.647369
697603,2.970322,2.647476
697612,2.970337,2.647202
697620,2.972061,2.647232
697628,2.972046,2.647568
697637,2.972244,2.654037
697645,2.97403,2.665436
697653,3.000763,2.665161
697662,2.986099,2.591461
697670,3.035141,2.641327
697678,2.973206,2.541351
697687,2.991013,2.677383
697695,2.935455,2.667252
697703,2.983887,2.678101
697712,2.987167,2.541611
697720,2.967911,2.533127
697728,2.94783,2.541718
697737,2.968124,2.580978
697745,2.988815,2.620132
697753,2.978622,2.642426
697762,2.968796,2.620529
697770,2.975693,2.642944
697778,2.979172,2.620605
697787,2.981186,2.611908
697795,2.979645,2.621231
697803,2.976517,2.628326
697812,2.973434,2.622894
697820,2.972031,2.629456
697828,2.973526,2.634216
697837,2.970352,2.636673
697845,2.973709,2.636627
697853,2.973297,2.636719
697862,2.9729,2.636703
697870,2.969269,2.63678
697878,2.967911,2.635361
697887,2.972229,2.635422
697895,2.972046,2.635818
697903,2.97139,2.635681
697912,2.971085,2.637543
697920,2.987244,2.637726
697928,2.987228,2.648804
697937,2.987213,2.652374
697945,2.986298,2.648285
697953,2.98642,2.652527
697962,2.986679,2.652618
697970,2.984512,2.658981
697978,2.988831,2.659088
697987,2.982544,2.653641
697995,2.982376,2.653839
698003,2.988663,2.653824
698012,2.982407,2.668076
698020,2.978378,2.667892
698028,2.975922,2.671677
698037,2.975128,2.672592
698045,2.972076,2.672867
698053,2.975311,2.673019
698062,2.984039,2.672791
698070,2.984283,2.672409
698078,2.969437,2.653305
698087,2.969284,2.653244
698095,2.966156,2.653122
698103,2.962723,2.653122
698112,2.945816,2.652756
698120,2.946106,2.635986
698128,2.907684,2.625732
698137,2.958008,2.625565
698145,2.966644,2.625565
698153,2.902573,2.606827
698162,2.892059,2.579651
698170,2.890869,2.579193
698178,2.894714,2.578262
698187,2.898483,2.577805
698195,2.893173,2.551605
698203,2.888153,2.547348
698212,2.885391,2.540192
698220,2.888626,2.54039
698228,2.88942,2.547272
698237,2.889679,2.539368
698245,2.889008,2.539368
698253,2.89798,2.514603
698262,2.789368,2.386276
698270,2.842163,2.357117
698278,2.75,2.382141
698287,2.86232,2.412323
698295,2.869995,2.534088
698303,2.862549,2.370697
698312,2.844223,2.357513
698320,2.825653,2.348206
698328,2.843262,2.359085
698337,2.855042,2.347931
698345,2.838959,2.358749
698353,2.854889,2.347946
698362,2.851547,2.359131
698370,2.852615,2.369965
698378,2.850845,2.359268
698387,2.853287,2.348633
698395,2.854843,2.359711
698403,2.853302,2.370834
698412,2.848679,2.35997
698420,2.848068,2.351959
698428,2.847916,2.352036
698437,2.847946,2.391327
698445,2.847809,2.392136
698453,2.847321,2.353928
698462,2.847504,2.379166
698470,2.848801,2.379288
698478,2.839859,2.379532
698487,2.839676,2.380661
698495,2.839859,2.362503
698503,2.849411,2.38063
698512,2.849487,2.391693
698520,2.849426,2.38237
698528,2.849304,2.382629
698537,2.825821,2.382874
698545,2.779083,2.38295
698553,2.929977,2.383392
698562,2.844559,2.383102
698570,2.777023,2.386978
698578,2.805603,2.387115
698586,2.833694,2.394119
698595,2.829193,2.391525
698603,2.824722,2.391006
698611,2.822678,2.389786
698620,2.820541,2.390045
698628,2.817947,2.390091
698636,2.820297,2.388245
698645,2.821533,2.388702
698653,2.823029,2.387787
698661,2.823685,2.388504
698670,2.824387,2.388672
698678,2.824493,2.388535
698686,2.833527,2.390564
698695,2.845306,2.388748
698703,2.845337,2.390579
698711,2.845566,2.390182
698720,2.854309,2.390442
698728,2.855255,2.412292
698736,2.863953,2.412155
698745,2.864258,2.418655
698753,2.870636,2.418991
698761,2.872299,2.435608
698770,2.872604,2.440582
698778,2.8853,2.440567
698786,2.885574,2.440125
698795,2.885712,2.440399
698803,2.891495,2.440125
698811,2.88562,2.440277
698820,2.891602,2.440643
698828,2.899078,2.440659
698836,2.899094,2.440353
698845,2.898987,2.440186
698853,2.925644,2.381241
698861,2.934769,2.430008
698870,2.967926,2.381256
698878,2.96759,2.381271
698886,2.971542,2.380768
698895,2.976669,2.380432
698903,2.977844,2.414139
698911,2.979874,2.413879
698920,2.983078,2.413773
698928,2.990036,2.405258
698936,2.997559,2.405502
698945,2.997635,2.405365
698953,2.997604,2.409195
698961,3.012222,2.424561
698970,3.019958,2.424545
698978,3.019958,2.446976
698986,3.023712,2.446503
698995,3.023712,2.449524
699003,3.037491,2.474731
699011,3.037842,2.493546
699020,3.04126,2.494019
699028,3.041626,2.493835
699036,3.044861,2.497345
699045,3.044861,2.507797
699053,3.044632,2.519577
699061,3.059052,2.522568
699070,3.044189,2.51976
699078,3.043976,2.513855
699086,3.043472,2.50853
699095,3.043457,2.508591
699103,3.070114,2.513855
699111,3.070023,2.51384
699120,3.070587,2.513824
699128,3.06015,2.508667
699136,3.059845,2.508911
699145,3.058212,2.513977
699153,3.057968,2.514114
699161,3.057983,2.515701
699170,3.036179,2.522644
699178,3.057831,2.515991
699186,3.035904,2.515778
699195,3.02272,2.522263
699203,3.022491,2.522095
699211,3.015793,2.521347
699220,3.014328,2.513474
699228,3.014709,2.486435
699236,3.017731,2.511261
699245,3.018021,2.484512
699253,2.988892,2.527466
699261,3.094162,2.508896
699270,3.082214,2.564255
699278,2.912567,2.660919
699286,3.015854,2.549515
699295,3.003403,2.478653
699303,3.024231,2.51886
699311,2.991287,2.517151
699320,3.021484,2.504578
699328,3.021637,2.516312
699336,3.022339,2.50502
699345,3.014099,2.517105
699353,3.022446,2.514313
699361,3.014175,2.511459
699370,3.022339,2.52565
699378,3.014114,2.539673
699386,3.022507,2.525833
699395,3.022842,2.539215
699403,3.023209,2.545593
699411,3.023575,2.551514
699420,3.02269,2.553177
699428,3.023117,2.554901
699436,3.023087,2.582413
699445,3.022995,2.582169
699453,3.026184,2.582214
699461,3.02652,2.596558
699470,3.042557,2.601578
699478,3.028198,2.610901
699486,3.043167,2.611191
699495,3.043747,2.61795
699503,3.046082,2.620239
699511,3.045654,2.67189
699520,3.049805,2.671997
699528,3.049896,2.674622
699536,3.054077,2.695343
699545,3.061386,2.695068
699553,3.071594,2.696075
699561,3.073242,2.696014
699570,3.075806,2.698425
699578,3.076004,2.704315
699586,3.077438,2.715149
699595,3.08252,2.725235
699603,3.084229,2.725204
699611,3.08429,2.740433
699620,3.085876,2.742355
699628,3.090775,2.746445
699636,3.101334,2.748276
699645,3.106674,2.750992
699653,3.101135,2.7659
699661,3.106857,2.82785
699670,3.110382,2.828903
699678,3.138184,2.846664
699686,3.142441,2.848328
699695,3.148575,2.846756
699703,3.166138,2.855789
699711,3.165833,2.856216
699720,3.165939,2.863174
699728,3.178223,2.865433
699736,3.182495,2.866669
699745,3.187943,2.888489
699753,3.182877,2.898514
699761,3.182983,2.917648
699770,3.194626,2.900101
699778,3.195419,2.919479
699786,3.209473,2.920776
699795,3.209549,2.92366
699803,3.217056,2.93248
699811,3.217072,2.941208
699820,3.216949,2.958313
699828,3.217072,2.95842
699836,3.260391,2.958435
699845,3.262161,2.942719
699853,3.264328,2.942734
699861,3.262268,2.952209
699870,3.264008,2.942688
699878,3.2883,2.94487
699886,3.292923,2.945007
699895,3.298874,2.951782
699903,3.300751,2.952835
699911,3.311661,2.953064
699920,3.320358,2.946518
699928,3.330414,2.945831
699936,3.33757,2.942108
699945,3.337234,2.941757
699953,3.346115,2.944183
699961,3.34639,2.950119
699970,3.346451,2.96936
699978,3.350128,2.983261
699986,3.36377,2.983047
699995,3.373184,2.992889
700003,3.390289,3.029114
700011,3.392227,3.033386
700020,3.492691,3.034012
700028,3.413116,2.897736
700036,3.402664,2.910217
700045,3.362457,3.104065
700053,3.395508,3.005554
700061,3.216171,3.139313
700070,3.300018,3.160034
700078,3.3134,3.243408
700086,3.336853,3.217804
700095,3.359589,3.191208
700103,3.361176,3.172791
700111,3.363388,3.154114
700119,3.368164,3.154251
700128,3.364029,3.153992
700136,3.368591,3.155334
700144,3.364563,3.154587
700153,3.369003,3.148117
700161,3.373459,3.141754
700169,3.379745,3.148178
700178,3.386215,3.149231
700186,3.387466,3.152496
700194,3.386002,3.149826
700203,3.386292,3.154205
700211,3.386398,3.154175
700219,3.387054,3.161743
700228,3.374802,3.15538
700236,3.374481,3.155853
700244,3.364395,3.155243
700253,3.374985,3.155411
700261,3.404541,3.155579
700269,3.633026,3.273819
700278,3.511292,3.173706
700286,3.364853,3.107651
700294,3.397797,3.126755
700303,3.378448,3.107697
700311,3.396042,3.127808
700319,3.382446,3.109146
700328,3.373108,3.115158
700336,3.383957,3.118942
700344,3.373383,3.120224
700353,3.384979,3.11911
700361,3.396393,3.11998
700369,3.39061,3.118408
700378,3.384827,3.119629
700386,3.392456,3.118622
700394,3.39975,3.119675
700403,3.407928,3.11853
700411,3.416275,3.118698
700419,3.458817,3.1194
700428,3.451355,3.121674
700436,3.483597,3.119263
700444,3.455063,3.122452
700453,3.463486,3.123199
700461,3.472061,3.149078
700469,3.481125,3.124634
700478,3.472015,3.15033
700486,3.481384,3.1241
700494,3.490265,3.164719
700503,3.481155,3.167206
700511,3.48996,3.166641
700519,3.494049,3.15062
700528,3.498337,3.150665
700536,3.494003,3.150604
700544,3.489334,3.124741
700553,3.479996,3.12468
700561,3.48909,3.125183
700569,3.487915,3.126129
700578,3.492767,3.126709
700586,3.492218,3.126587
700594,3.491547,3.146027
700603,3.499817,3.14418
700611,3.491379,3.144394
700619,3.489029,3.144653
700628,3.488647,3.143646
700636,3.488312,3.143448
700644,3.479935,3.126083
700653,3.47966,3.124512
700661,3.488129,3.103149
700669,3.490952,3.099823
700678,3.499252,3.100372
700686,3.491608,3.099655
700694,3.491959,3.089722
700703,3.489548,3.079971
700711,3.48053,3.072052
700719,3.476242,3.078751
700728,3.471786,3.077515
700736,3.47171,3.07016
700744,3.476151,3.057449
700753,3.481689,3.057266
700761,3.481674,3.057068
700769,3.490753,3.068451
700778,3.481995,3.055588
700786,3.48201,3.067062
700794,3.481857,3.066559
700803,3.472137,3.066025
700811,3.481567,3.065094
700819,3.490372,3.083374
700828,3.493362,3.091507
700836,3.511963,3.091492
700844,3.516174,3.087524
700853,3.525848,3.091721
700861,3.52739,3.091827
700869,3.532822,3.094513
700878,3.548019,3.09903
700886,3.549423,3.102646
700894,3.549164,3.112488
700903,3.570755,3.117523
700911,3.570511,3.11702
700919,3.570435,3.079178
700928,3.574432,3.078964
700936,3.574524,3.080704
700944,3.575821,3.081833
700953,3.57579,3.082001
700961,3.593094,3.08374
700969,3.602386,3.084
700978,3.609055,3.083588
700986,3.609482,3.097992
700994,3.609711,3.108246
701003,3.619843,3.111343
701011,3.620209,3.111359
701019,3.620468,3.111923
701028,3.620834,3.113831
701036,3.621552,3.113953
701044,3.630524,3.134842
701053,3.630585,3.133499
701061,3.63205,3.137039
701069,3.631973,3.152542
701078,3.637222,3.158707
701086,3.636642,3.167236
701094,3.632477,3.172287
701103,3.636398,3.175018
701111,3.63649,3.175705
701119,3.636597,3.180405
701128,3.636337,3.183807
701136,3.636368,3.185394
701144,3.635284,3.204453
701153,3.637238,3.207047
701161,3.634949,3.207779
701169,3.635162,3.208527
701178,3.635391,3.226791
701186,3.635422,3.22699
701194,3.6353,3.228912
701203,3.638336,3.22905
701211,3.639664,3.278183
701219,3.650452,3.237808
701228,3.639343,3.237747
701236,3.639191,3.275162
701244,3.648026,3.246643
701253,3.648117,3.238342
701261,3.65033,3.23024
701269,3.647507,3.230042
701278,3.643494,3.213409
701286,3.647186,3.212921
701294,3.643112,3.213104
701303,3.646362,3.207794
701311,3.642365,3.207855
701319,3.636429,3.202072
701328,3.636642,3.198898
701336,3.633865,3.198853
701344,3.615402,3.18988
701353,3.616074,3.189194
701361,3.614929,3.190155
701369,3.614944,3.189896
701378,3.606766,3.190948
701386,3.588638,3.191086
701394,3.606293,3.190292
701403,3.588531,3.190567
701411,3.57132,3.190643
701419,3.548355,3.190506
701428,3.52916,3.18718
701436,3.519196,3.18573
701444,3.530167,3.175781
701453,3.529922,3.175461
701461,3.518982,3.17337
701469,3.518661,3.167923
701478,3.518707,3.15918
701486,3.518539,3.159271
701494,3.518753,3.14386
701503,3.527512,3.143585
701511,3.530472,3.140289
701519,3.527222,3.140335
701528,3.527649,3.132446
701536,3.528076,3.143539
701544,3.531265,3.132736
701553,3.53154,3.13295
701561,3.534729,3.133026
701569,3.536697,3.139725
701578,3.536652,3.132965
701586,3.542679,3.112534
701594,3.542786,3.095642
701603,3.542633,3.11235
701611,3.565811,3.112473
701619,3.566391,3.112488
701628,3.554916,3.111572
701636,3.543579,3.111633
701644,3.556168,3.111588
701653,3.559357,3.112885
701661,3.576019,3.111465
701669,3.573639,3.111542
701677,3.577301,3.111496
701686,3.574997,3.111465
701694,3.575409,3.11171
701702,3.576096,3.111435
701711,3.564728,3.114029
701719,3.565018,3.120682
701727,3.566452,3.114304
701736,3.568237,3.11322
701744,3.563812,3.111313
701752,3.56459,3.097794
701761,3.560806,3.097626
701769,3.548615,3.089371
701777,3.541519,3.087051
701786,3.541138,3.089966
701794,3.541504,3.098358
701802,3.540268,3.098633
701811,3.53714,3.098389
701819,3.531219,3.098221
701827,3.522018,3.098358
701836,3.530914,3.113129
701844,3.529282,3.108932
701852,3.529068,3.108978
701861,3.484756,3.10878
701869,3.484772,3.108643
701877,3.484863,3.088898
701886,3.478928,3.088867
701894,3.479721,3.088516
701902,3.479691,3.087936
701911,3.488464,3.086655
701919,3.48909,3.083847
701927,3.484238,3.083588
701936,3.490021,3.078888
701944,3.484985,3.078323
701952,3.490829,3.078308
701961,3.485504,3.084885
701969,3.485535,3.083572
701977,3.485733,3.083572
701986,3.461411,3.100159
701994,3.486496,3.099899
702002,3.467484,3.099991
702011,3.497162,3.070831
702019,3.466446,3.070801
702027,3.496552,3.070251
702036,3.49646,3.062424
702044,3.496262,3.070328
702052,3.496735,3.07019
702061,3.483704,3.070908
702069,3.497116,3.070709
702077,3.496872,3.070419
702086,3.497574,3.061569
702094,3.514038,3.070358
702102,3.521347,3.070236
702111,3.529373,3.070358
702119,3.545197,3.081741
702127,3.54512,3.08255
702136,3.546646,3.081879
702144,3.548401,3.090454
702152,3.548981,3.101547
702161,3.553207,3.111588
702169,3.559464,3.124222
702177,3.559662,3.123901
702186,3.563248,3.123535
702194,3.563751,3.110825
702202,3.571823,3.123245
702211,3.576141,3.123123
702219,3.580307,3.123108
702227,3.582352,3.122864
702236,3.594162,3.123138
702244,3.601334,3.111176
702252,3.604523,3.123734
702261,3.618057,3.12381
702269,3.605301,3.123779
702277,3.618866,3.124023
702286,3.622086,3.120331
702294,3.620117,3.095444
702302,3.622604,3.09317
702311,3.62262,3.088989
702319,3.622864,3.083115
702327,3.622726,3.083176
702336,3.623383,3.083542
702344,3.62323,3.089233
702352,3.62355,3.093399
702361,3.620972,3.093384
702369,3.621368,3.094177
702377,3.596786,3.094406
702386,3.586411,3.094147
702394,3.596848,3.101349
702402,3.597321,3.09346
702411,3.597839,3.08815
702419,3.587402,3.094086
702427,3.58461,3.094177
702436,3.584457,3.094177
702444,3.584991,3.094254
702452,3.585297,3.086227
702461,3.583633,3.086334
702469,3.585266,3.080017
702477,3.605881,3.080139
702486,3.616837,3.081772
702494,3.606873,3.076828
702502,3.617264,3.071045
702511,3.634354,3.076874
702519,3.618301,3.076981
702527,3.618042,3.08252
702536,3.609772,3.21286
702544,3.618042,3.212936
702552,3.618118,3.219757
702561,3.618134,3.237946
702569,3.619995,3.250992
702577,3.638229,3.257523
702586,3.644623,3.257294
702594,3.644775,3.267609
702602,3.635773,3.270096
702611,3.635269,3.26503
702619,3.643127,3.26416
702627,3.643417,3.263474
702636,3.654465,3.267166
702644,3.659729,3.264099
702652,3.659103,3.257843
702661,3.675598,3.255859
702669,3.675934,3.254349
702677,3.676224,3.240204
702686,3.687363,3.223373
702694,3.699097,3.118622
702702,3.687637,3.117981
702711,3.669617,3.116837
702719,3.686096,3.116852
702727,3.685684,3.112076
702736,3.687241,3.111267
702744,3.686356,3.111298
702752,3.669983,3.100677
702761,3.670395,3.100876
702769,3.670197,3.100891
702777,3.68399,3.124695
702786,3.683533,3.125107
702794,3.68338,3.125244
702802,3.682877,3.125656
702811,3.6828,3.131439
702819,3.671677,3.137268
702827,3.67099,3.12709
702836,3.670837,3.127335
702844,3.670639,3.127579
702852,3.670685,3.144974
702861,3.669968,3.145355
702869,3.679855,3.152695
702877,3.679718,3.153015
702886,3.67955,3.153564
702894,3.680939,3.153839
702902,3.692856,3.146759
702911,3.691711,3.146729
702919,3.692947,3.147354
702927,3.6931,3.147797
702936,3.69278,3.147919
702944,3.69371,3.147644
702952,3.69371,3.147583
702961,3.692749,3.148087
702969,3.692612,3.148163
702977,3.694199,3.14534
702986,3.693893,3.145355
702994,3.693619,3.144043
703002,3.699509,3.143784
703011,3.699615,3.143692
703019,3.710724,3.143097
703027,3.722748,3.143799
703036,3.722916,3.145126
703044,3.723007,3.155319
703052,3.724152,3.15567
703061,3.731903,3.155838
703069,3.73848,3.164871
703077,3.75177,3.170685
703086,3.752548,3.190491
703094,3.766464,3.171112
703102,3.752365,3.191406
703111,3.766541,3.201004
703119,3.776749,3.208786
703127,3.785721,3.208817
703136,3.796539,3.208801
703144,3.796509,3.215256
703152,3.796417,3.223679
703161,3.796494,3.230194
703169,3.796783,3.230392
703177,3.796555,3.230408
703186,3.799606,3.223984
703194,3.799271,3.235458
703202,3.799622,3.224533
703210,3.799286,3.216888
703219,3.799011,3.216873
703227,3.798569,3.216537
703235,3.792603,3.216675
703244,3.789246,3.216705
703252,3.789322,3.216675
703260,3.789154,3.217117
703269,3.789276,3.217072
703277,3.78923,3.203262
703285,3.792801,3.1996
703294,3.79248,3.199646
703302,3.796417,3.199371
703310,3.796585,3.19957
703319,3.812592,3.199463
703327,3.808121,3.203003
703335,3.812439,3.203033
703344,3.825974,3.211731
703352,3.826157,3.231842
703360,3.826538,3.211746
703369,3.826813,3.231339
703377,3.825119,3.231598
703385,3.813431,3.224945
703394,3.813599,3.22493
703402,3.810883,3.231171
703410,3.811096,3.231277
703419,3.810898,3.225052
703427,3.811188,3.225464
703435,3.810791,3.231171
703444,3.80986,3.225021
703452,3.810913,3.221939
703460,3.809631,3.222076
703469,3.809097,3.217087
703477,3.804214,3.212372
703485,3.791962,3.212433
703494,3.78894,3.193771
703502,3.788513,3.158646
703510,3.791626,3.195007
703519,3.788193,3.159714
703527,3.787918,3.152481
703535,3.786743,3.152222
703544,3.771103,3.152222
703552,3.764603,3.152252
703560,3.758789,3.14357
703569,3.757187,3.152939
703577,3.75267,3.153473
703585,3.752014,3.153656
703594,3.75087,3.153229
703602,3.747879,3.153687
703610,3.742416,3.156662
703619,3.739334,3.156647
703627,3.73909,3.160385
703635,3.735031,3.160553
703644,3.735138,3.171555
703652,3.734116,3.176819
703660,3.733398,3.184814
703669,3.733582,3.190567
703677,3.728424,3.190384
703685,3.728348,3.190445
703694,3.727585,3.190567
703702,3.727661,3.177032
703710,3.727203,3.177185
703719,3.728943,3.177109
703727,3.729797,3.17717
703735,3.729813,3.161163
703744,3.72963,3.161118
703752,3.727737,3.160675
703760,3.725632,3.156158
703769,3.720139,3.156235
703777,3.723557,3.154968
703785,3.723724,3.154633
703794,3.723297,3.155045
703802,3.722992,3.15451
703810,3.721832,3.155807
703819,3.721695,3.15834
703827,3.717484,3.158249
703835,3.709305,3.171585
703844,3.709122,3.181625
703852,3.709213,3.181641
703860,3.705902,3.192352
703869,3.700836,3.194214
703877,3.705856,3.194275
703885,3.707169,3.215134
703894,3.711563,3.215515
703902,3.706039,3.215759
703910,3.705521,3.205826
703919,3.704742,3.214035
703927,3.709595,3.229813
703935,3.709625,3.236481
703944,3.713638,3.229889
703952,3.716614,3.230026
703960,3.715759,3.230118
703969,3.712799,3.236877
703977,3.710983,3.236435
703985,3.712524,3.236221
703994,3.719666,3.22876
704002,3.72081,3.229172
704010,3.719955,3.22731
704019,3.721115,3.227249
704027,3.735214,3.216721
704035,3.732758,3.216522
704044,3.732895,3.2164
704052,3.735092,3.215195
704060,3.737457,3.215225
704069,3.736633,3.216476
704077,3.73674,3.224884
704085,3.737152,3.216324
704094,3.737198,3.213821
704102,3.722427,3.214035
704110,3.715744,3.20314
704119,3.708344,3.213959
704127,3.703293,3.203125
704135,3.698532,3.203232
704144,3.698761,3.214294
704152,3.694839,3.212692
704160,3.693054,3.212646
704169,3.68924,3.213043
704177,3.684418,3.213058
704185,3.677597,3.213242
704194,3.677399,3.204147
704202,3.676163,3.20047
704210,3.673096,3.175278
704219,3.658691,3.199417
704227,3.654877,3.198441
704235,3.646103,3.174896
704244,3.641251,3.171875
704252,3.625626,3.171967
704260,3.623032,3.148224
704269,3.62027,3.144897
704277,3.603882,3.131348
704285,3.592316,3.130035
704294,3.592392,3.101364
704302,3.573746,3.10141
704310,3.572769,3.09993
704319,3.571091,3.101379
704327,3.560455,3.101746
704335,3.571777,3.101837
704344,3.560379,3.100342
704352,3.557541,3.100861
704360,3.556015,3.100555
704369,3.551193,3.106766
704377,3.550797,3.116638
704385,3.542297,3.11586
704394,3.520233,3.106537
704402,3.520309,3.106628
704410,3.519974,3.106461
704419,3.519104,3.115143
704427,3.521591,3.104721
704435,3.521835,3.113678
704444,3.537094,3.104034
704452,3.542648,3.11879
704460,3.537506,3.101822
704469,3.537613,3.102036
704477,3.542923,3.085175
704485,3.543167,3.075867
704494,3.546799,3.061844
704502,3.541412,3.061966
704510,3.541183,3.056229
704519,3.545746,3.044968
704527,3.540573,3.036285
704535,3.529541,3.03656
704544,3.529678,3.020615
704552,3.527786,3.020767
704560,3.513641,3.020935
704569,3.500626,3.009613
704577,3.492523,3.005707
704585,3.468399,3.005707
704594,3.462616,3.005524
704602,3.452469,3.005386
704610,3.44429,3.020905
704619,3.415146,3.020493
704627,3.397491,3.005295
704635,3.365234,3.020432
704644,3.362854,3.020416
704652,3.363937,3.004776
704660,3.364609,2.998566
704669,3.364685,2.995148
704677,3.359787,2.998596
704685,3.365112,2.983826
704694,3.360245,2.96524
704702,3.354889,2.96492
704710,3.352081,2.94722
704719,3.345047,2.94722
704727,3.283279,2.946793
704735,3.283859,2.946213
704743,3.280136,2.946259
704752,3.272186,2.946045
704760,3.253204,2.94603
704768,3.254761,2.957703
704777,3.252594,2.957092
704785,3.251984,2.957275
704793,3.252243,2.957077
704802,3.248123,2.956802
704810,3.236496,2.95961
704818,3.225815,2.959427
704827,3.217163,2.985275
704835,3.215637,2.985367
704843,3.215225,2.985275
704852,3.224319,2.983795
704860,3.22406,2.983597
704868,3.222198,2.983826
704877,3.228409,2.983307
704885,3.233688,2.98497
704893,3.234406,2.984879
704902,3.254745,2.984467
704910,3.254684,2.975739
704918,3.254242,2.979645
704927,3.267426,2.979645
704935,3.275803,2.979538
704943,3.275375,2.975922
704952,3.27533,2.975677
704960,3.299103,2.975708
704968,3.299316,2.975723
704977,3.301376,2.97554
704985,3.301468,2.979263
704993,3.301758,2.975266
705002,3.315613,2.97908
705010,3.301071,2.974976
705018,3.294876,2.945953
705027,3.275314,2.792755
705035,3.37413,2.989441
705043,3.316269,2.819351
705052,3.324585,2.932785
705060,3.252792,2.815994
705068,3.369537,2.969849
705077,3.245514,2.792114
705085,3.369781,3.014694
705093,3.419403,2.9039
705102,3.467041,2.813507
705110,3.481888,2.888718
705118,3.510193,2.874268
705127,3.455872,2.895508
705135,3.462128,2.891357
705143,3.445465,2.697632
705152,3.571991,2.860092
705160,3.322632,2.908875
705168,3.363281,2.736298
705177,3.361145,2.902466
705185,3.41008,2.749908
705193,3.441345,2.847092
705202,3.45813,2.743698
705210,3.296234,2.789398
705218,3.430603,2.837128
705227,3.433334,2.722183
705235,3.334915,2.807465
705243,3.328201,2.840042
705252,3.342621,2.824432
705260,3.391342,2.825119
705268,3.460938,3.043808
705277,3.415085,2.894669
705285,3.387878,2.871689
705293,3.343826,2.742523
705302,3.399765,2.952621
705310,3.326401,2.887268
705318,3.365845,2.931992
705327,3.347656,2.910202
705335,3.314041,2.787018
705343,3.321014,2.927521
705352,3.264679,2.687805
705360,3.328476,2.608383
705368,3.272934,2.655701
705377,3.227661,2.581085
705385,3.152878,2.524673
705393,3.041809,2.778198
705402,3.187805,2.832901
705410,3.093399,2.761505
705418,3.173828,2.768677
705427,3.229797,2.646576
705435,3.219513,2.68428
705443,3.209671,2.644028
705452,3.184814,2.678757
705460,3.158966,2.71376
705468,3.132401,2.704132
705477,3.159454,2.714752
705485,3.131958,2.705887
705493,3.105301,2.698837
705502,3.119965,2.685455
705510,3.116653,2.671936
705518,3.110107,2.661514
705527,3.103455,2.650665
705535,3.103149,2.629578
705543,3.102585,2.608215
705552,3.092957,2.606628
705560,3.017059,2.605881
705568,3.012573,2.604324
705577,3.006302,2.584137
705585,3.004379,2.581055
705593,3.00061,2.56279
705602,2.986115,2.561478
705610,2.979614,2.539932
705618,2.980911,2.56134
705627,2.975281,2.5383
705635,2.973099,2.544434
705643,2.966217,2.542358
705652,2.966278,2.542557
705660,2.956833,2.526337
705668,2.938477,2.527771
705677,2.937256,2.527405
705685,2.948395,2.521332
705693,2.934586,2.527008
705702,2.913818,2.520523
705710,2.928589,2.520554
705718,2.903778,2.527069
705727,2.855972,2.521484
705735,2.85968,2.522446
705743,2.862976,2.520966
705752,2.859085,2.521133
705760,2.860489,2.520325
705768,2.860687,2.518494
705777,2.85994,2.513718
705785,2.858185,2.519577
705793,2.988922,2.44101
705802,2.843964,2.468384
705810,2.951355,2.521027
705818,2.943222,2.504898
705827,2.898178,2.495331
705835,2.893616,2.52562
705843,2.890396,2.49057
705852,2.885895,2.488998
705860,2.888885,2.488907
705868,2.884277,2.531113
705877,2.885727,2.544113
705885,2.880661,2.479156
705893,2.847366,2.359634
705902,2.893066,2.451553
705910,2.85585,2.464874
705918,2.872238,2.586609
705927,2.882004,2.536789
705935,2.871292,2.487122
705943,2.871323,2.526855
705952,2.870651,2.507751
705960,2.869705,2.518478
705968,2.867386,2.467117
705977,2.865952,2.545532
705985,2.865128,2.545395
705993,2.86586,2.582092
706002,2.866974,2.5961
706010,2.864639,2.610504
706018,2.865601,2.606339
706027,2.866089,2.612228
706035,2.866623,2.615051
706043,2.866959,2.612823
706052,2.865509,2.607422
706060,2.863419,2.602188
706068,2.876083,2.594971
706077,2.884613,2.593582
706085,2.894028,2.590652
706093,2.898987,2.587906
706102,2.903137,2.590958
706110,2.902267,2.588669
706118,2.913254,2.587708
706127,2.913055,2.580887
706135,2.911469,2.382614
706143,2.822693,2.542801
706152,2.867233,2.50621
706160,2.88504,2.468719
706168,2.865494,2.468307
706177,2.883118,2.466507
706185,2.901779,2.464981
706193,2.893326,2.463455
706202,2.884659,2.474579
706210,2.892471,2.485138
706218,2.947784,2.468887
706227,2.928894,2.479782
706235,2.909714,2.494354
706243,2.930038,2.509247
706252,2.932632,2.512436
706260,2.935059,2.516006
706268,3.024658,2.514755
706276,2.958267,2.660431
706285,2.969193,2.666656
706293,2.984375,2.685608
706301,2.966705,2.733688
706310,2.963089,2.685425
706318,2.96698,2.664536
706326,2.96344,2.642593
706335,2.966827,2.636871
706343,2.962524,2.640579
706351,2.958664,2.636673
706360,2.955444,2.640915
706368,2.958084,2.661987
706376,2.955429,2.683502
706385,2.958252,2.698151
706393,2.955338,2.713074
706401,2.952179,2.716263
706410,2.935837,2.713776
706418,2.935699,2.715546
706426,2.926804,2.713669
706435,2.925888,2.714355
706443,2.925995,2.713211
706451,2.925735,2.712982
706460,2.926041,2.719559
706468,2.929291,2.720276
706476,2.929596,2.726242
706485,2.929947,2.73027
706493,2.930603,2.72963
706501,2.930145,2.724548
706510,2.930649,2.726746
706518,2.929138,2.725937
706526,2.926117,2.738953
706535,2.918564,2.715302
706543,2.942978,2.717743
706551,3.024002,2.808746
706560,2.92424,2.714645
706568,2.953629,2.620514
706576,2.924896,2.638687
706585,2.923233,2.625565
706593,2.923874,2.623016
706601,2.939987,2.624542
706610,2.881714,2.538467
706618,2.920303,2.676544
706626,2.963806,2.729034
706635,2.919586,2.679779
706643,2.940933,2.655396
706651,2.962906,2.650787
706660,2.941101,2.654785
706668,2.918777,2.655777
706676,2.916153,2.655304
706685,2.913452,2.65593
706693,2.911438,2.655304
706701,2.913864,2.655838
706710,2.916428,2.65625
706718,2.919067,2.673096
706726,2.933929,2.689713
706735,2.949402,2.690796
706743,2.949478,2.690308
706751,2.949036,2.674194
706760,2.948502,2.674759
706768,2.947235,2.691223
706776,2.914307,2.692581
706785,2.936569,2.677582
706793,2.93718,2.693939
706801,2.936981,2.695999
706810,2.936752,2.696793
706818,2.936188,2.697922
706826,2.933258,2.696335
706835,2.930801,2.696014
706843,2.921967,2.693756
706851,2.91803,2.677444
706860,2.913101,2.669815
706868,2.913208,2.677094
706876,2.89386,2.692413
706885,2.891922,2.692444
706893,2.892212,2.678421
706901,2.891754,2.679779
706910,2.881378,2.679779
706918,2.881989,2.679062
706926,2.87648,2.678375
706935,2.872894,2.676651
706943,2.876297,2.675995
706951,2.872452,2.700394
706960,2.872208,2.712006
706968,2.873077,2.699692
706976,2.869904,2.673737
706985,2.905777,2.646362
706993,2.874161,2.611389
707001,2.923737,2.623108
707010,2.858078,2.716141
707018,2.798065,2.681412
707026,2.854645,2.618988
707035,2.776001,2.735825
707043,2.959122,2.627289
707051,2.841171,2.65361
707060,2.984619,2.666931
707068,2.945038,2.716583
707076,2.936844,2.663086
707085,2.950027,2.601578
707093,2.91803,2.773193
707101,2.893265,2.679947
707110,2.914215,2.676666
707118,2.811722,2.759583
707126,2.873688,2.62059
707135,2.802597,2.625168
707143,2.778488,2.631439
707151,2.804718,2.665115
707160,2.787537,2.672195
707168,2.783295,2.557816
707176,2.779037,2.587357
707185,2.782928,2.571747
707193,2.779724,2.660217
707201,2.783539,2.661713
707210,2.780716,2.626038
707218,2.850098,2.586334
707226,2.737091,2.630585
707235,2.728256,2.656555
707243,2.883911,2.651505
707251,2.811096,2.582718
707260,2.894516,2.621826
707268,2.793015,2.558685
707276,2.783905,2.618973
707285,2.776016,2.66333
707293,2.773636,2.706955
707301,2.770889,2.680023
707310,2.764008,2.679688
707318,2.757477,2.666229
707326,2.751434,2.65303
707335,2.803253,2.71019
707343,2.787338,2.624435
707351,2.783142,2.653229
707360,2.785141,2.622879
707368,2.781693,2.632858
707376,2.777924,2.633377
707385,2.781204,2.628113
707393,2.777954,2.633011
707401,2.756531,2.626862
707410,2.71759,2.620575
707418,2.797241,2.625549
707426,2.77626,2.603821
707435,2.866592,2.600739
707443,2.79216,2.578049
707451,2.83342,2.616592
707460,2.853607,2.591232
707468,2.852692,2.61322
707476,2.843964,2.588928
707485,2.843292,2.573685
707493,2.839432,2.568344
707501,2.838379,2.563126
707510,2.802429,2.627213
707518,2.802292,2.555313
707526,2.900482,2.606934
707535,2.908356,2.668823
707543,2.916748,2.607056
707551,2.916763,2.612808
707560,2.916382,2.603256
707568,2.891693,2.583527
707576,2.843475,2.591248
707585,2.863297,2.582382
707593,2.882446,2.590668
707601,2.89357,2.587936
707610,2.90509,2.593399
707618,2.9077,2.598846
707626,2.905457,2.604446
707635,2.881516,2.609711
707643,2.856018,2.609375
707651,2.852844,2.608932
707660,2.916168,2.608871
707668,2.966599,2.629486
707676,2.964676,2.675873
707685,2.80162,2.660767
707693,2.886566,2.675842
707701,2.959076,2.684769
707710,2.89389,2.676331
707718,2.865494,2.669327
707726,2.881271,2.662796
707735,2.901352,2.655136
707743,2.9086,2.663483
707751,2.911377,2.670349
707760,2.913879,2.663361
707768,2.912857,2.6548
707776,2.915863,2.662308
707785,2.925934,2.66951
707793,2.841599,2.67691
707801,2.870911,2.687973
707809,2.899307,2.692368
707818,2.891022,2.692551
707826,2.898895,2.691772
707834,2.891159,2.691711
707843,2.8992,2.693924
707851,2.891342,2.694382
707859,2.88324,2.715164
707868,2.891586,2.718628
707876,2.883591,2.694427
707884,2.868057,2.694366
707893,2.862549,2.69516
707901,2.86293,2.695618
707909,2.863464,2.696594
707918,2.880661,2.695343
707926,2.880768,2.696106
707934,2.880844,2.696182
707943,2.880737,2.685287
707951,2.880798,2.685043
707959,2.898163,2.684921
707968,2.898651,2.684921
707976,2.906219,2.684738
707984,2.905746,2.681168
707993,2.899933,2.672302
708001,2.899109,2.681
708009,2.899292,2.682037
708018,2.899368,2.681961
708026,2.905396,2.68428
708034,2.907333,2.712921
708043,2.88092,2.712814
708051,2.902527,2.684372
708059,2.97142,2.684113
708068,3.017853,2.712357
708076,2.942352,2.681625
708084,2.902313,2.712967
708093,2.941254,2.713028
708101,2.90181,2.705566
708109,2.941055,2.712143
708118,2.931473,2.711487
708126,2.939606,2.705841
708134,2.968811,2.709747
708143,2.977493,2.707779
708151,2.993057,2.705811
708159,3.031235,2.704361
708168,3.015732,2.71022
708176,3.009354,2.710999
708184,3.005707,2.710312
708193,3.009705,2.708557
708201,3.017654,2.708771
708209,3.025009,2.70874
708218,3.01799,2.710617
708226,3.02594,2.710556
708234,3.027054,2.749588
708243,3.027985,2.749756
708251,3.029282,2.749802
708259,3.031021,2.750778
708268,3.031631,2.756012
708276,3.031799,2.756897
708284,3.032394,2.759064
708293,3.032181,2.759308
708301,3.032379,2.759201
708309,3.032791,2.759613
708318,3.029984,2.759277
708326,3.030228,2.765503
708334,3.028198,2.758911
708343,3.028732,2.759293
708351,3.011719,2.758835
708359,3.012131,2.741257
708368,3.011887,2.741257
708376,2.985458,2.73996
708384,2.977448,2.731689
708393,2.973221,2.722366
708401,2.978134,2.721909
708409,2.973053,2.691864
708418,2.965897,2.675552
708426,2.965546,2.675522
708434,2.954788,2.688187
708443,2.965302,2.687912
708451,2.965164,2.674515
708459,2.941437,2.671738
708468,2.933914,2.671448
708476,3.001251,2.621933
708484,2.949753,2.623764
708493,2.885147,2.698761
708501,2.864639,2.691742
708509,2.931427,2.694061
708518,2.862701,2.691864
708526,2.888504,2.694366
708534,2.863312,2.697174
708543,2.867737,2.693558
708551,2.872437,2.689987
708559,2.881775,2.689728
708568,2.890991,2.69017
708576,2.903702,2.689545
708584,2.916016,2.688904
708593,2.969315,2.685638
708601,2.899811,2.688843
708609,2.86705,2.685806
708618,3.012634,2.683151
708626,2.93895,2.6828
708634,2.885757,2.672394
708643,2.903152,2.672379
708651,2.888367,2.658188
708659,2.886932,2.65892
708668,2.887741,2.654205
708676,2.885788,2.654205
708684,2.887146,2.659561
708693,2.901001,2.654327
708701,2.82962,2.659805
708709,2.872528,2.646591
708718,2.818756,2.65126
708726,2.814133,2.686417
708734,2.805908,2.694702
708743,2.793594,2.641891
708751,2.805664,2.694656
708759,2.813293,2.666168
708768,2.805389,2.706955
708776,2.812881,2.57605
708784,2.833771,2.644516
708793,2.933487,2.67749
708801,2.901901,2.647507
708809,2.889648,2.635239
708818,2.876602,2.69046
708826,2.848633,2.656967
708834,2.958084,2.638275
708843,2.937286,2.70549
708851,2.961548,2.668869
708859,2.891037,2.590454
708868,2.951294,2.519165
708876,2.943726,2.535294
708884,2.935684,2.558289
708893,2.921875,2.581268
708901,2.935623,2.584274
708909,2.943283,2.587357
708918,2.950134,2.60405
708926,2.950729,2.608704
708934,2.951263,2.670242
708943,2.950775,2.539948
708951,2.95047,2.397217
708959,2.950073,2.400848
708968,3.005234,2.575623
708976,3.04277,2.52211
708984,2.997543,2.58078
708993,3.056686,2.604126
709001,2.997681,2.529572
709009,3.028641,2.596512
709018,3.062439,2.659027
709026,3.02739,2.59494
709034,3.024399,2.597885
709043,3.021393,2.572113
709051,3.014069,2.596207
709059,3.021698,2.571136
709068,3.014038,2.595688
709076,3.021591,2.596375
709084,3.025864,2.596497
709093,3.030121,2.571121
709101,3.027328,2.58609
709109,3.023178,2.523422
709118,3.020859,2.540436
709126,3.018982,2.534866
709134,3.018967,2.466232
709143,3.018951,2.459488
709151,3.01001,2.466187
709159,3.010818,2.460571
709168,3.011597,2.466217
709176,2.994934,2.481125
709184,2.988571,2.562454
709193,3.057205,2.48407
709201,3.025177,2.486588
709209,2.993073,2.57486
709218,2.957535,2.543137
709226,2.991852,2.585922
709234,2.991318,2.554916
709243,2.993454,2.548492
709251,2.996674,2.554916
709259,2.994156,2.548508
709268,2.992645,2.513382
709276,2.908981,2.498413
709284,2.92308,2.504883
709293,3.11618,2.602539
709301,3.06369,2.591858
709309,3.013626,2.600876
709318,3.032761,2.611023
709326,3.030853,2.610855
709334,3.023376,2.615051
709342,3.015869,2.619476
709351,3.023071,2.620331
709359,3.016357,2.621567
709367,3.015732,2.62236
709376,3.017807,2.727737
709384,3.016678,2.563263
709392,3.01535,2.549973
709401,3.012375,2.561966
709409,3.009308,2.615891
709417,3.00882,2.573257
709426,3.0065,2.604034
709434,2.975235,2.572784
709442,2.96109,2.580444
709451,2.961136,2.572922
709459,2.960968,2.572021
709467,2.961014,2.57074
709476,2.958038,2.56694
709484,2.960175,2.570816
709492,2.960251,2.566864
709501,2.958237,2.562714
709509,2.9599,2.561447
709517,2.959457,2.571442
709526,2.958984,2.562317
709534,2.965866,2.551697
709542,2.957367,2.546707
709551,2.96257,2.546768
709559,2.961456,2.54657
709567,2.960114,2.545486
709576,2.959671,2.545334
709584,2.953064,2.545227
709592,2.861221,2.528778
709601,2.999939,2.502899
709609,2.879028,2.46759
709617,2.942291,2.416367
709626,2.9319,2.50737
709634,2.954956,2.516663
709642,2.965698,2.508789
709651,2.957031,2.475189
709659,2.967072,2.495316
709667,2.901291,2.487137
709676,2.887268,2.425949
709684,2.925705,2.428024
709692,2.888153,2.425629
709701,2.887665,2.41893
709709,2.887268,2.412033
709717,2.887543,2.417633
709726,2.887115,2.411911
709734,2.887512,2.416794
709742,2.888062,2.411011
709751,2.892624,2.407318
709759,2.888626,2.410721
709767,2.891022,2.429718
709776,2.800201,2.438705
709784,2.89064,2.427551
709792,2.812271,2.389435
709801,2.872269,2.387436
709809,2.826614,2.385269
709817,2.7939,2.387527
709826,2.813614,2.389648
709834,2.83342,2.390808
709842,2.832169,2.392532
709851,2.833084,2.39093
709859,2.832458,2.42511
709867,2.831787,2.310318
709876,2.832703,2.382538
709884,2.774979,2.441162
709892,2.801834,2.406265
709901,2.79129,2.415955
709909,2.800262,2.428802
709917,2.817947,2.441391
709926,2.800095,2.435532
709934,2.818283,2.429153
709942,2.800903,2.426682
709951,2.819366,2.429611
709959,2.836411,2.426559
709967,2.802887,2.430099
709976,2.919785,2.345322
709984,2.794342,2.521118
709992,2.953934,2.432144
710001,2.963684,2.435562
710009,2.753571,2.414719
710017,2.818024,2.478973
710026,2.792801,2.464355
710034,2.75,2.450119
710042,2.801926,2.464188
710051,2.879745,2.45549
710059,2.859344,2.526794
710067,2.862335,2.40477
710076,2.859039,2.510864
710084,2.842926,2.46666
710092,2.920151,2.48848
710101,2.840363,2.456284
710109,2.812134,2.454926
710117,2.864075,2.47496
710126,2.901718,2.48941
710134,2.897476,2.490463
710142,2.883423,2.492004
710151,2.990021,2.499664
710159,2.987656,2.601074
710167,2.794724,2.551453
710176,2.842224,2.573181
710184,2.926971,2.606262
710192,2.879974,2.614365
710201,2.912704,2.615356
710209,3.071838,2.607407
710217,2.998993,2.601776
710226,2.976242,2.588577
710234,2.9767,2.785538
710242,3.03418,2.711029
710251,3.050446,2.604263
710259,3.027512,2.623413
710267,3.051514,2.65683
710276,3.057281,2.623428
710284,3.052124,2.637955
710292,3.034378,2.623291
710301,3.003494,2.637405
710309,3.121399,2.651611
710317,3.035812,2.656708
710326,3.033676,2.662109
710334,3.034775,2.656967
710342,3.0345,2.652252
710351,3.022812,2.657257
710359,3.03418,2.652252
710367,3.031555,2.651138
710376,3.03421,2.65213
710384,3.031586,2.662888
710392,3.028824,2.652527
710401,3.033905,2.663437
710409,3.070694,2.663681
710417,3.03508,2.697937
710426,3.050674,2.732239
710434,3.059036,2.553375
710442,3.054947,2.645844
710451,3.050873,2.680603
710459,3.054153,2.645035
710467,3.04924,2.636108
710476,3.074753,2.644333
710484,3.08844,2.656036
710492,3.00592,2.667511
710501,2.993027,2.625534
710509,3.001465,2.654724
710517,3.112457,2.696381
710526,2.927597,2.554459
710534,3.042877,2.607712
710542,3.063171,2.595428
710551,3.00264,2.627991
710559,2.936371,2.619888
710567,2.985016,2.561188
710576,3.049911,2.496887
710584,2.970734,2.593704
710592,2.933304,2.574417
710601,2.962189,2.568726
710609,2.958115,2.503983
710617,2.95636,2.522247
710626,2.942276,2.493912
710634,2.906021,2.564285
710642,2.956772,2.561066
710651,2.97258,2.505997
710659,2.955124,2.541641
710667,2.94696,2.547852
710676,2.956146,2.644608
710684,2.97316,2.588989
710692,2.99469,2.553741
710701,3.050964,2.567429
710709,2.989105,2.553696
710717,3.02243,2.508286
710726,2.981125,2.588272
710734,2.969788,2.48114
710742,3.0065,2.567169
710751,2.978333,2.577164
710759,2.967743,2.570221
710767,2.99675,2.56282
710776,3.043289,2.589249
710784,3.041351,2.586548
710792,2.968933,2.555527
710801,2.962326,2.601044
710809,3.061462,2.677551
710817,3.013428,2.603592
710826,3.065414,2.579575
710834,3.065216,2.652359
710842,2.995834,2.61647
710851,3.034775,2.677567
710859,3.035675,2.670731
710867,3.054291,2.691956
710875,3.060883,2.713135
710884,3.055252,2.713547
710892,3.050201,2.712967
710900,3.041595,2.701965
710909,3.049713,2.712021
710917,3.054382,2.701035
710925,3.05838,2.689728
710934,3.064484,2.700027
710942,3.070648,2.689758
710950,3.071854,2.700409
710959,3.073166,2.71109
710967,3.075089,2.712418
710975,3.086349,2.710953
710984,3.086792,2.710953
710992,3.208405,2.712112
711000,3.074951,2.689529
711009,3.194778,2.688995
711017,3.183578,2.699371
711025,3.172516,2.699356
711034,3.179977,2.699005
711042,3.172516,2.702118
711050,3.149582,2.701981
711059,3.130966,2.696945
711067,3.132889,2.695236
711075,3.13089,2.683273
711084,3.12851,2.666809
711092,3.126373,2.666489
711100,3.095245,2.666275
711109,3.063995,2.666473
711117,3.062927,2.62706
711125,3.061661,2.623825
711134,3.057434,2.623795
711142,3.03183,2.618164
711150,3.013809,2.621094
711159,3.005081,2.620972
711167,2.997803,2.617645
711175,2.995621,2.620575
711184,2.97644,2.617355
711192,2.967239,2.616074
711200,2.962875,2.613831
711209,2.952286,2.614044
711217,2.943237,2.603256
711225,2.941544,2.579834
711234,2.905991,2.579926
711242,2.893143,2.561142
711250,2.892838,2.555542
711259,2.780899,2.555573
711267,2.838028,2.53743
711275,2.802032,2.514023
711284,2.908508,2.51445
711292,2.848602,2.518753
711300,2.820038,2.51825
711309,2.805069,2.519363
711317,2.789825,2.519089
711325,2.805344,2.519547
711334,2.798203,2.519394
711342,2.721664,2.510361
711350,2.77684,2.510422
711359,2.801605,2.510284
711367,2.816483,2.51947
711375,2.800995,2.509186
711384,2.771988,2.505432
711392,2.783127,2.508667
711400,2.766388,2.481796
711409,2.783432,2.481644
711417,2.789169,2.478409
711425,2.783752,2.475159
711434,2.782578,2.477829
711442,2.781403,2.477737
711450,2.783112,2.478348
711459,2.785126,2.476913
711467,2.785538,2.477234
711475,2.781952,2.472961
711484,2.8965,2.472931
711492,2.85524,2.495529
711500,2.882996,2.53627
711509,2.756683,2.425369
711517,2.854858,2.574387
711525,2.769211,2.500244
711534,2.765945,2.57077
711542,2.844299,2.514099
711550,2.879578,2.447128
711559,2.825821,2.496582
711567,2.683853,2.562958
711575,2.77655,2.463638
711584,2.89682,2.419128
711592,2.835861,2.542389
711600,2.755234,2.601105
711609,2.849854,2.568176
711617,2.938751,2.500168
711625,2.89949,2.625076
711634,2.940414,2.506134
711642,2.93071,2.537827
711650,2.921722,2.567322
711659,2.875336,2.532349
711667,2.89917,2.592636
711675,2.83252,2.687592
711684,2.875778,2.518097
711692,2.920456,2.680267
711700,2.957932,2.576736
711709,2.997055,2.612289
711717,2.985748,2.579666
711725,2.946579,2.598862
711734,2.809052,2.704788
711742,2.883148,2.680969
711750,2.829895,2.700241
711759,2.956558,2.646378
711767,2.990417,2.739868
711775,2.959854,2.587708
711784,3.023499,2.610199
711792,3.03093,2.677551
711800,3.046661,2.649506
711809,3.01564,2.684616
711817,2.933609,2.620407
711825,2.989471,2.627441
711834,3.085464,2.818542
711842,2.983337,2.637894
711850,2.976425,2.670547
711859,2.844818,2.663635
711867,2.909958,2.651306
711875,2.936646,2.636383
711884,2.852173,2.612289
711892,2.908691,2.665039
711900,2.922226,2.600632
711909,2.908798,2.595413
711917,2.857285,2.598923
711925,2.84169,2.6064
711934,2.848724,2.613602
711942,2.861984,2.641937
711950,2.979568,2.594727
711959,2.886581,2.658707
711967,2.92131,2.669113
711975,2.895721,2.651169
711984,2.880905,2.691071
711992,2.900864,2.657547
712000,2.933395,2.691696
712009,2.98082,2.663956
712017,2.958191,2.583786
712025,2.923813,2.665009
712034,2.870728,2.665482
712042,3.042709,2.581284
712050,2.995712,2.601822
712059,2.945648,2.561142
712067,2.906464,2.634033
712075,2.898209,2.593811
712084,2.910812,2.611771
712092,2.900391,2.57869
712100,2.943222,2.557053
712109,2.988907,2.707062
712117,2.985992,2.711136
712125,3.046249,2.746033
712134,2.981537,2.694321
712142,3.012085,2.740845
712150,3.067093,2.750854
712159,2.96608,2.70285
712167,3.124283,2.70253
712175,3.065475,2.70285
712184,3.043304,2.703445
712192,3.030151,2.702774
712200,3.016846,2.703369
712209,3.030014,2.717697
712217,3.016556,2.731873
712225,3.009216,2.717438
712234,3.004562,2.731705
712242,3.048859,2.720535
712250,3.080414,2.731567
712259,3.086472,2.720169
712267,3.092331,2.731506
712275,3.090897,2.731949
712284,3.089447,2.731812
712292,3.088165,2.762772
712300,3.086868,2.764694
712309,3.083496,2.764511
712317,3.086899,2.771439
712325,3.086349,2.780579
712334,3.086563,2.780136
712342,3.088211,2.78302
712350,3.086731,2.791748
712359,3.089355,2.790695
712367,3.089371,2.791412
712375,3.093918,2.802917
712384,3.093826,2.802917
712392,3.093353,2.802887
712400,3.093307,2.807434
712408,3.101013,2.808884
712417,3.107681,2.807617
712425,3.107773,2.807724
712433,3.121719,2.807892
712442,3.134048,2.803864
712450,3.142929,2.803696
712458,3.142761,2.808289
712467,3.144852,2.808472
712475,3.155304,2.815109
712483,3.148117,2.820786
712492,3.145126,2.829254
712500,3.144577,2.858582
712508,3.147644,2.859253
712517,3.147766,2.859787
712525,3.155731,2.859756
712533,3.159988,2.864548
712542,3.182129,2.872147
712550,3.181992,2.872147
712558,3.18219,2.882751
712567,3.190186,2.902679
712575,3.16835,2.9142
712583,3.190445,2.920563
712592,3.193512,2.940735
712600,3.211014,2.947495
712608,3.252975,2.97998
712617,3.230331,2.913849
712625,3.260742,2.806458
712633,3.236893,2.793243
712642,3.261169,2.832367
712650,3.278061,2.800217
712658,3.286972,2.787964
712667,3.274292,2.800537
712675,3.261688,2.853622
712683,3.251266,2.85321
712692,3.261673,2.880371
712700,3.258102,2.875961
712708,3.254166,2.864441
712717,3.257782,2.875641
712725,3.254242,2.881073
712733,3.258011,2.875839
712742,3.253998,2.865768
712750,3.253952,2.855621
712758,3.255493,2.865891
712767,3.255569,2.862396
712775,3.25563,2.864716
712783,3.255554,2.876434
712792,3.276108,2.876572
712800,3.291656,2.876373
712808,3.296631,2.87825
712817,3.296509,2.878403
712825,3.297089,2.886551
712833,3.302414,2.886765
712842,3.302124,2.87825
712850,3.302032,2.8647
712858,3.302246,2.878876
712867,3.308838,2.90303
712875,3.317535,2.924286
712883,3.320709,2.924408
712892,3.32077,2.924484
712900,3.325256,2.941711
712908,3.32077,2.941864
712917,3.321121,2.937347
712925,3.321091,2.937546
712933,3.326706,2.937729
712942,3.326828,2.937759
712950,3.326981,2.938263
712958,3.326294,2.942917
712967,3.329651,2.945633
712975,3.329132,2.946304
712983,3.338104,2.949493
712992,3.338074,2.954483
713000,3.332718,2.954681
713008,3.332413,2.95488
713017,3.336273,2.972794
713025,3.337326,2.972992
713033,3.337173,2.976669
713042,3.337051,2.993729
713050,3.343735,2.993683
713058,3.334976,2.993958
713067,3.334641,2.99585
713075,3.341095,2.995712
713083,3.34111,2.994034
713092,3.334152,2.996124
713100,3.340805,2.997604
713108,3.340805,3.03627
713117,3.346741,3.03714
713125,3.349548,3.03688
713133,3.349655,3.040207
713142,3.34877,3.036667
713150,3.345978,3.039139
713158,3.348373,3.038925
713167,3.348495,3.039185
713175,3.33963,3.039948
713183,3.349503,3.041641
713192,3.356567,3.053177
713200,3.358536,3.054611
713208,3.358704,3.058395
713217,3.361572,3.058319
713225,3.3759,3.057846
713233,3.36145,3.055908
713242,3.365646,3.056305
713250,3.375992,3.066208
713258,3.378769,3.056305
713267,3.378769,3.066238
713275,3.379211,3.066635
713283,3.379395,3.066666
713292,3.379807,3.07103
713300,3.381317,3.083755
713308,3.406662,3.079651
713317,3.409302,3.079437
713325,3.406647,3.079605
713333,3.422668,3.088455
713342,3.422562,3.110229
713350,3.422577,3.088425
713358,3.422714,3.088272
713367,3.428085,3.088196
713375,3.427841,3.088165
713383,3.427994,3.088379
713392,3.422714,3.079529
713400,3.422668,3.088608
713408,3.427811,3.088974
713417,3.427399,3.081085
713425,3.421967,3.0811
713433,3.422043,3.081299
713442,3.414764,3.058777
713450,3.414856,3.059219
713458,3.402496,3.053818
713467,3.402374,3.051315
713475,3.377151,3.051422
713483,3.377274,3.051651
713492,3.374557,3.050003
713500,3.370819,3.051544
713508,3.362885,3.051453
713517,3.312271,3.051315
713525,3.311172,3.050827
713533,3.311264,3.04921
713542,3.312149,3.049042
713550,3.311371,3.044601
713558,3.303299,3.044571
713567,3.298203,3.044647
713575,3.297989,3.041138
713583,3.298172,3.041107
713592,3.297928,3.056641
713600,3.291946,3.056702
713608,3.297501,3.041107
713617,3.297745,3.040863
713625,3.297806,3.041016
713633,3.297638,3.056854
713642,3.297501,3.056885
713650,3.291306,3.045944
713658,3.291412,3.045822
713667,3.280136,3.040802
713675,3.280197,3.039871
713683,3.280136,3.03862
713692,3.280075,3.037537
713700,3.280197,3.028168
713708,3.271271,3.020813
713717,3.271255,3.015213
713725,3.271378,3.011414
713733,3.271469,3.011307
713742,3.228699,3.01152
713750,3.228348,3.011246
713758,3.228149,3.01149
713767,3.223145,3.021927
713775,3.227997,3.011475
713783,3.228455,3.011642
713792,3.228836,3.011597
713800,3.179443,2.996246
713808,3.153198,2.995605
713817,3.198029,2.995651
713825,3.132004,2.966721
713833,3.31752,2.896942
713842,3.223129,2.930145
713850,3.23494,2.875778
713858,3.14389,2.956177
713867,3.136993,2.858124
713875,3.16481,2.862778
713883,3.217743,2.831482
713892,3.238602,2.831726
713900,3.113953,2.809799
713908,3.239029,2.896713
713917,3.220459,2.798447
713925,3.201797,2.800095
713933,3.207489,2.879944
713941,3.158005,2.943497
713950,3.087143,2.872162
713958,3.222275,2.911926
713966,3.115555,2.948639
713975,3.132248,2.944763
713983,3.034164,2.904572
713991,3.123489,2.882889
714000,3.036942,2.973648
714008,3.052872,2.787552
714016,3.076309,2.769073
714025,3.144669,2.813171
714033,3.15303,2.774048
714041,3.200195,2.74173
714050,3.052353,2.765793
714058,3.119263,2.789307
714066,3.064316,2.801605
714075,3.11882,2.855927
714083,3.11496,2.671143
714091,3.212357,2.814606
714100,3.179199,2.878098
714108,3.117996,2.807083
714116,3.075378,2.770111
714125,3.087128,2.803452
714133,3.076782,2.817047
714141,3.082199,2.79332
714150,3.078079,2.769897
714158,3.076523,2.793304
714166,3.077057,2.783478
714175,3.075592,2.798553
714183,3.052643,2.765884
714191,3.009644,2.69487
714200,3.03569,2.70369
714208,3.061829,2.712708
714216,3.041565,2.703522
714225,3.024628,2.694626
714233,3.022659,2.680939
714241,3.021103,2.68924
714250,3.022766,2.678574
714258,3.024261,2.689011
714266,3.025375,2.689346
714275,2.953964,2.689575
714283,2.988205,2.683365
714291,2.98024,2.677292
714300,2.972595,2.673447
714308,2.935806,2.669968
714316,2.898422,2.66774
714325,2.884354,2.662735
714333,2.869934,2.639969
714341,2.868607,2.658707
714350,2.867218,2.632599
714358,2.857971,2.632706
714366,2.849045,2.607681
714375,2.836609,2.623566
714383,2.824417,2.607605
714391,2.811813,2.601608
714400,2.799271,2.601456
714408,2.760193,2.59375
714416,2.734985,2.575485
714425,2.729935,2.57608
714433,2.719376,2.575958
714441,2.713745,2.568649
714450,2.697845,2.568527
714458,2.684799,2.547333
714466,2.684784,2.499527
714475,2.6698,2.482437
714483,2.670319,2.482208
714491,2.658508,2.49704
714500,2.6586,2.4823
714508,2.657394,2.482224
714516,2.654297,2.479904
714525,2.6492,2.477524
714533,2.648727,2.477478
714541,2.637527,2.456589
714550,2.637054,2.454819
714558,2.63327,2.454056
714566,2.62999,2.44873
714575,2.621796,2.453796
714583,2.616486,2.453995
714591,2.61644,2.448792
714600,2.616638,2.448776
714608,2.616913,2.448364
714616,2.616974,2.42897
714625,2.614624,2.429108
714633,2.615173,2.429871
714641,2.605484,2.405502
714650,2.605652,2.405548
714658,2.605591,2.406036
714666,2.605927,2.406296
714675,2.605942,2.427536
714683,2.605835,2.42749
714691,2.605865,2.427475
714700,2.605774,2.408737
714708,2.606018,2.395065
714716,2.597336,2.382599
714725,2.575027,2.374802
714733,2.575027,2.373978
714741,2.573105,2.373886
714750,2.563278,2.37381
714758,2.572495,2.373642
714766,2.572495,2.373718
714775,2.572266,2.373749
714783,2.564133,2.373627
714791,2.56279,2.373734
714800,2.562759,2.373108
714808,2.549103,2.36734
714816,2.549286,2.36348
714825,2.562653,2.36412
714833,2.563141,2.361511
714841,2.549484,2.363052
714850,2.549774,2.352051
714858,2.539963,2.348328
714866,2.529083,2.341904
714875,2.528854,2.342224
714883,2.517288,2.328217
714891,2.513382,2.328568
714900,2.492737,2.326279
714908,2.492722,2.324417
714916,2.48793,2.324539
714925,2.513351,2.324554
714933,2.512894,2.323837
714941,2.512894,2.323914
714950,2.487976,2.324524
714958,2.475449,2.315063
714966,2.474915,2.295776
714975,2.466843,2.292999
714983,2.466339,2.292755
714991,2.465775,2.285324
715000,2.462112,2.284073
715008,2.461853,2.267319
715016,2.461853,2.267471
715025,2.461624,2.26445
715033,2.461411,2.262466
715041,2.46492,2.258102
715050,2.45015,2.256653
715058,2.447174,2.256653
715066,2.447205,2.25679
715075,2.430939,2.258514
715083,2.43132,2.263702
715091,2.43045,2.263687
715100,2.431458,2.26413
715108,2.431717,2.269867
715116,2.451096,2.269958
715125,2.46225,2.270279
715133,2.451248,2.296066
715141,2.431976,2.290039
715150,2.432449,2.296921
715158,2.432388,2.306061
715166,2.433167,2.311508
715175,2.455795,2.312607
715183,2.46405,2.314545
715191,2.463898,2.325577
715200,2.464035,2.329224
715208,2.464493,2.336029
715216,2.478134,2.336273
715225,2.478226,2.345032
715233,2.482666,2.349167
715241,2.482559,2.354004
